
-- ============================================
-- 1. USERS (app_user)
-- ============================================
INSERT INTO app_user (id, email_address, first_name, last_name, phone_number, password_hash, is_active, roles) VALUES
                                                                                                                   ('11111111-1111-1111-1111-111111111111', 'john.doe@email.com', 'John', 'Doe', '+1-555-123-4567', '$2a$10$xJwYxQ5YZxYxYxYxYxYxYuXxYxYxYxYxYxYxYxYxYxYxYxYxYxY', true, 'CUSTOMER'),
                                                                                                                   ('22222222-2222-2222-2222-222222222222', 'jane.smith@email.com', 'Jane', 'Smith', '+1-555-234-5678', '$2a$10$xJwYxQ5YZxYxYxYxYxYxYuXxYxYxYxYxYxYxYxYxYxYxYxYxYxY', true, 'CUSTOMER'),
                                                                                                                   ('33333333-3333-3333-3333-333333333333', 'bob.johnson@email.com', 'Bob', 'Johnson', '+1-555-345-6789', '$2a$10$xJwYxQ5YZxYxYxYxYxYxYuXxYxYxYxYxYxYxYxYxYxYxYxYxYxY', true, 'CUSTOMER'),
                                                                                                                   ('44444444-4444-4444-4444-444444444444', 'alice.williams@email.com', 'Alice', 'Williams', '+1-555-456-7890', '$2a$10$xJwYxQ5YZxYxYxYxYxYxYuXxYxYxYxYxYxYxYxYxYxYxYxYxYxY', false, 'CUSTOMER'),
                                                                                                                   ('55555555-5555-5555-5555-555555555555', 'admin@ecommerce.com', 'Admin', 'User', '+1-555-567-8901', '$2a$10$xJwYxQ5YZxYxYxYxYxYxYuXxYxYxYxYxYxYxYxYxYxYxYxYxYxY', true, 'ADMIN');

-- ============================================
-- 2. ADDRESSES
-- ============================================
INSERT INTO address (id, user_id, address_line, city, region, country, postal_code, address_type) VALUES
                                                                                                      ('11111111-1111-1111-1111-111111111112', '11111111-1111-1111-1111-111111111111', '123 Main Street', 'New York', 'NY', 'USA', '10001', 'SHIPPING'),
                                                                                                      ('11111111-1111-1111-1111-111111111113', '11111111-1111-1111-1111-111111111111', '456 Business Ave', 'New York', 'NY', 'USA', '10002', 'BILLING'),
                                                                                                      ('11111111-1111-1111-1111-111111111114', '22222222-2222-2222-2222-222222222222', '789 Oak Drive', 'Los Angeles', 'CA', 'USA', '90001', 'SHIPPING'),
                                                                                                      ('11111111-1111-1111-1111-111111111115', '33333333-3333-3333-3333-333333333333', '321 Pine Street', 'Chicago', 'IL', 'USA', '60601', 'SHIPPING'),
                                                                                                      ('11111111-1111-1111-1111-111111111116', '33333333-3333-3333-3333-333333333333', '654 Maple Ave', 'Chicago', 'IL', 'USA', '60602', 'BILLING');

-- ============================================
-- 3. PRODUCT CATEGORIES
-- ============================================
INSERT INTO product_category (id, category_name) VALUES
                                                     ('11111111-1111-1111-1111-111111111121', 'Electronics'),
                                                     ('11111111-1111-1111-1111-111111111122', 'Clothing'),
                                                     ('11111111-1111-1111-1111-111111111123', 'Books'),
                                                     ('11111111-1111-1111-1111-111111111124', 'Home & Garden'),
                                                     ('11111111-1111-1111-1111-111111111125', 'Sports & Outdoors');

-- ============================================
-- 4. PRODUCTS
-- ============================================
INSERT INTO product (id, category_id, name, description, price, stock_quantity, is_active, images) VALUES
                                                                                                       ('11111111-1111-1111-1111-111111111131', '11111111-1111-1111-1111-111111111121', 'iPhone 15 Pro', 'Latest Apple smartphone with A17 chip', 1299.99, 50, true, '["https://example.com/iphone15-1.jpg", "https://example.com/iphone15-2.jpg"]'::jsonb),
                                                                                                       ('11111111-1111-1111-1111-111111111132', '11111111-1111-1111-1111-111111111121', 'Samsung Galaxy S24', 'Premium Android smartphone', 1199.99, 35, true, '["https://example.com/samsung24-1.jpg"]'::jsonb),
                                                                                                       ('11111111-1111-1111-1111-111111111133', '11111111-1111-1111-1111-111111111121', 'MacBook Pro 16"', 'High-performance laptop for professionals', 2499.99, 15, true, '["https://example.com/mbp16-1.jpg", "https://example.com/mbp16-2.jpg"]'::jsonb),
                                                                                                       ('11111111-1111-1111-1111-111111111134', '11111111-1111-1111-1111-111111111122', 'Men''s Leather Jacket', 'Genuine leather jacket, black', 299.99, 25, true, '["https://example.com/jacket-1.jpg"]'::jsonb),
                                                                                                       ('11111111-1111-1111-1111-111111111135', '11111111-1111-1111-1111-111111111122', 'Women''s Running Shoes', 'Lightweight athletic shoes', 89.99, 100, true, '["https://example.com/shoes-1.jpg", "https://example.com/shoes-2.jpg"]'::jsonb),
                                                                                                       ('11111111-1111-1111-1111-111111111136', '11111111-1111-1111-1111-111111111123', 'The Great Gatsby', 'Classic novel by F. Scott Fitzgerald', 14.99, 200, true, '["https://example.com/gatsby-1.jpg"]'::jsonb),
                                                                                                       ('11111111-1111-1111-1111-111111111137', '11111111-1111-1111-1111-111111111123', 'Clean Code', 'Software engineering best practices', 45.99, 75, true, '["https://example.com/cleancode-1.jpg"]'::jsonb),
                                                                                                       ('11111111-1111-1111-1111-111111111138', '11111111-1111-1111-1111-111111111124', 'Coffee Maker', 'Programmable 12-cup coffee maker', 79.99, 40, true, '["https://example.com/coffee-1.jpg"]'::jsonb),
                                                                                                       ('11111111-1111-1111-1111-111111111139', '11111111-1111-1111-1111-111111111124', 'Bed Sheet Set', '400 thread count cotton sheets', 59.99, 60, true, '["https://example.com/sheets-1.jpg"]'::jsonb),
                                                                                                       ('11111111-1111-1111-1111-111111111140', '11111111-1111-1111-1111-111111111125', 'Yoga Mat', 'Non-slip exercise mat', 29.99, 150, true, '["https://example.com/yogamat-1.jpg"]'::jsonb),
                                                                                                       ('11111111-1111-1111-1111-111111111141', '11111111-1111-1111-1111-111111111125', 'Tennis Racket', 'Professional carbon fiber racket', 149.99, 30, true, '["https://example.com/racket-1.jpg"]'::jsonb),
                                                                                                       ('11111111-1111-1111-1111-111111111142', '11111111-1111-1111-1111-111111111121', 'iPad Air', '10.9-inch Liquid Retina display', 599.99, 45, false, '["https://example.com/ipadair-1.jpg"]'::jsonb);

-- ============================================
-- 5. PRODUCT REVIEWS
-- ============================================
INSERT INTO product_review (id, user_id, product_id, rating, comment) VALUES
                                                                          ('11111111-1111-1111-1111-111111111151', '11111111-1111-1111-1111-111111111111', '11111111-1111-1111-1111-111111111131', 5, 'Amazing phone! Battery life is incredible.'),
                                                                          ('11111111-1111-1111-1111-111111111152', '22222222-2222-2222-2222-222222222222', '11111111-1111-1111-1111-111111111131', 4, 'Great phone but very expensive.'),
                                                                          ('11111111-1111-1111-1111-111111111153', '33333333-3333-3333-3333-333333333333', '11111111-1111-1111-1111-111111111133', 5, 'Best laptop I ever owned.'),
                                                                          ('11111111-1111-1111-1111-111111111154', '11111111-1111-1111-1111-111111111111', '11111111-1111-1111-1111-111111111135', 5, 'Very comfortable running shoes.'),
                                                                          ('11111111-1111-1111-1111-111111111155', '22222222-2222-2222-2222-222222222222', '11111111-1111-1111-1111-111111111137', 5, 'Must-read for every developer.'),
                                                                          ('11111111-1111-1111-1111-111111111156', '33333333-3333-3333-3333-333333333333', '11111111-1111-1111-1111-111111111137', 4, 'Great content, slightly outdated.'),
                                                                          ('11111111-1111-1111-1111-111111111157', '11111111-1111-1111-1111-111111111111', '11111111-1111-1111-1111-111111111140', 4, 'Good grip, comfortable to use.');

-- ============================================
-- 6. SHOPPING CART
-- ============================================
INSERT INTO shopping_cart (id, user_id) VALUES
                                            ('11111111-1111-1111-1111-111111111161', '11111111-1111-1111-1111-111111111111'),
                                            ('11111111-1111-1111-1111-111111111162', '22222222-2222-2222-2222-222222222222'),
                                            ('11111111-1111-1111-1111-111111111163', '33333333-3333-3333-3333-333333333333');

-- ============================================
-- 7. CART ITEMS
-- ============================================
INSERT INTO cart_item (id, cart_id, product_id, quantity) VALUES
                                                              ('11111111-1111-1111-1111-111111111171', '11111111-1111-1111-1111-111111111161', '11111111-1111-1111-1111-111111111131', 1),
                                                              ('11111111-1111-1111-1111-111111111172', '11111111-1111-1111-1111-111111111161', '11111111-1111-1111-1111-111111111135', 2),
                                                              ('11111111-1111-1111-1111-111111111173', '11111111-1111-1111-1111-111111111162', '11111111-1111-1111-1111-111111111137', 1),
                                                              ('11111111-1111-1111-1111-111111111174', '11111111-1111-1111-1111-111111111162', '11111111-1111-1111-1111-111111111138', 1),
                                                              ('11111111-1111-1111-1111-111111111175', '11111111-1111-1111-1111-111111111163', '11111111-1111-1111-1111-111111111133', 1),
                                                              ('11111111-1111-1111-1111-111111111176', '11111111-1111-1111-1111-111111111163', '11111111-1111-1111-1111-111111111140', 2);

-- ============================================
-- 8. PAYMENT METHODS
-- ============================================
INSERT INTO payment_method (id, user_id, payment_type, provider, account_number, expiry_date) VALUES
                                                                                                  ('11111111-1111-1111-1111-111111111181', '11111111-1111-1111-1111-111111111111', 'CREDIT_CARD', 'VISA', '**** **** **** 4242', '2026-12-31 00:00:00'),
                                                                                                  ('11111111-1111-1111-1111-111111111182', '11111111-1111-1111-1111-111111111111', 'PAYPAL', 'PayPal', 'john.doe@email.com', NULL),
                                                                                                  ('11111111-1111-1111-1111-111111111183', '22222222-2222-2222-2222-222222222222', 'CREDIT_CARD', 'MASTERCARD', '**** **** **** 5555', '2025-08-31 00:00:00'),
                                                                                                  ('11111111-1111-1111-1111-111111111184', '33333333-3333-3333-3333-333333333333', 'DEBIT_CARD', 'AMEX', '**** **** **** 1111', '2024-11-30 00:00:00');

-- ============================================
-- 9. SHIPPING METHODS
-- ============================================
INSERT INTO shipping_method (id, name, description, price, estimated_days) VALUES
                                                                               ('11111111-1111-1111-1111-111111111191', 'Standard Shipping', 'Delivery within 5-7 business days', 5.99, 7),
                                                                               ('11111111-1111-1111-1111-111111111192', 'Express Shipping', 'Delivery within 2-3 business days', 12.99, 3),
                                                                               ('11111111-1111-1111-1111-111111111193', 'Next Day Delivery', 'Delivery next business day', 24.99, 1),
                                                                               ('11111111-1111-1111-1111-111111111194', 'Free Shipping', 'Delivery within 7-10 business days', 0.00, 10);

-- ============================================
-- 10. CUSTOMER ORDERS
-- ============================================
INSERT INTO customer_order (id, user_id, order_number, status, payment_method_id, shipping_method_id, payment_status, subtotal, total_amount) VALUES
                                                                                                                                                  ('11111111-1111-1111-1111-111111111201', '11111111-1111-1111-1111-111111111111', 'ORD-2024-0001', 'DELIVERED', '11111111-1111-1111-1111-111111111181', '11111111-1111-1111-1111-111111111191', 'PAID', 1299.99, 1305.98),
                                                                                                                                                  ('11111111-1111-1111-1111-111111111202', '11111111-1111-1111-1111-111111111111', 'ORD-2024-0002', 'SHIPPED', '11111111-1111-1111-1111-111111111181', '11111111-1111-1111-1111-111111111192', 'PAID', 179.98, 192.97),
                                                                                                                                                  ('11111111-1111-1111-1111-111111111203', '22222222-2222-2222-2222-222222222222', 'ORD-2024-0003', 'PROCESSING', '11111111-1111-1111-1111-111111111183', '11111111-1111-1111-1111-111111111192', 'PAID', 125.98, 138.97),
                                                                                                                                                  ('11111111-1111-1111-1111-111111111204', '33333333-3333-3333-3333-333333333333', 'ORD-2024-0004', 'PENDING', '11111111-1111-1111-1111-111111111184', '11111111-1111-1111-1111-111111111193', 'PENDING', 2499.99, 2524.98),
                                                                                                                                                  ('11111111-1111-1111-1111-111111111205', '22222222-2222-2222-2222-222222222222', 'ORD-2024-0005', 'CANCELLED', '11111111-1111-1111-1111-111111111183', '11111111-1111-1111-1111-111111111194', 'REFUNDED', 59.99, 59.99);

-- ============================================
-- 11. ORDER ITEMS
-- ============================================
INSERT INTO order_item (id, order_id, product_id, unit_price, quantity) VALUES
                                                                            ('11111111-1111-1111-1111-111111111211', '11111111-1111-1111-1111-111111111201', '11111111-1111-1111-1111-111111111131', 1299.99, 1),
                                                                            ('11111111-1111-1111-1111-111111111212', '11111111-1111-1111-1111-111111111202', '11111111-1111-1111-1111-111111111135', 89.99, 2),
                                                                            ('11111111-1111-1111-1111-111111111213', '11111111-1111-1111-1111-111111111203', '11111111-1111-1111-1111-111111111137', 45.99, 1),
                                                                            ('11111111-1111-1111-1111-111111111214', '11111111-1111-1111-1111-111111111203', '11111111-1111-1111-1111-111111111138', 79.99, 1),
                                                                            ('11111111-1111-1111-1111-111111111215', '11111111-1111-1111-1111-111111111204', '11111111-1111-1111-1111-111111111133', 2499.99, 1),
                                                                            ('11111111-1111-1111-1111-111111111216', '11111111-1111-1111-1111-111111111205', '11111111-1111-1111-1111-111111111139', 59.99, 1);

-- ============================================
-- Update timestamps for consistency
-- ============================================
UPDATE app_user SET created_at = '2024-01-15 10:00:00', updated_at = '2024-01-15 10:00:00';
UPDATE product SET created_at = '2024-01-20 09:00:00', updated_at = '2024-01-20 09:00:00';
UPDATE product_review SET created_at = '2024-02-01 14:30:00', updated_at = '2024-02-01 14:30:00';
UPDATE customer_order SET created_at = '2024-02-15 11:00:00', updated_at = '2024-02-15 11:00:00';
UPDATE shopping_cart SET created_at = '2024-03-01 16:45:00';
UPDATE address SET created_at = '2024-01-16 13:20:00';
UPDATE payment_method SET created_at = '2024-01-17 15:10:00';
UPDATE shipping_method SET created_at = '2024-01-18 08:30:00';

-- ============================================
-- Add some varied timestamps for specific records
-- ============================================
UPDATE customer_order SET
                          created_at = '2024-02-15 11:00:00',
                          updated_at = '2024-02-20 09:30:00'
WHERE id = '11111111-1111-1111-1111-111111111201';

UPDATE customer_order SET
                          created_at = '2024-03-10 14:20:00',
                          updated_at = '2024-03-12 10:15:00'
WHERE id = '11111111-1111-1111-1111-111111111202';

UPDATE customer_order SET
                          created_at = '2024-03-18 09:45:00',
                          updated_at = '2024-03-18 09:45:00'
WHERE id = '11111111-1111-1111-1111-111111111203';

UPDATE product_review SET
                          created_at = '2024-02-20 16:30:00',
                          updated_at = '2024-02-20 16:30:00'
WHERE id = '11111111-1111-1111-1111-111111111151';

UPDATE product_review SET
                          created_at = '2024-03-05 11:15:00',
                          updated_at = '2024-03-05 11:15:00'
WHERE id = '11111111-1111-1111-1111-111111111155';
